key,en,pt-br
dialogue.dialogue_battle_00,"To attack, select the soldier who will make the charge. If an enemy is within range, on a green tile, simply select the enemy soldier to begin the attack.","Para atacar, selecione o soldado que fará a investida. Se houver um inimigo ao alcance, em uma casa verde, basta selecionar o soldado inimigo para iniciar o ataque."
dialogue.dialogue_battle_01,"But remember: in battle, strength determines the winner. The soldier with the higher strength wins the fight.","Mas lembre-se: na batalha, a força determina o vencedor. O soldado com maior força vence o combate."
dialogue.dialogue_bomb_00,Hidden among the enemy soldiers are traps: extremely dangerous bombs capable of destroying almost any soldier in our army.,"Escondidas entre os soldados inimigos há armadilhas: bombas extremamente perigosas, capazes de destruir quase qualquer soldado do nosso exército."
dialogue.dialogue_bomb_01,"Fortunately, we have an engineer who specializes in defusing them. Use him whenever you suspect an enemy piece might be a bomb.","Felizmente, temos um engenheiro especializado em desarmá-las. Use-o sempre que suspeitar que uma peça inimiga possa ser uma bomba."
dialogue.dialogue_firsttimeplaying_00,"Hello, and welcome to Kings of Antikva. I see this is your first time here. Come, I'll show you everything you need to know.","Olá e bem-vindo a Kings of Antikva. Vejo que esta é a sua primeira vez aqui. Venha, vou lhe mostrar tudo o que você precisa saber."
dialogue.dialogue_force_00,"Each soldier has a strength level. You can see this value below each one. Strength ranges from 1 to 9, with 9 being the highest level.","Cada soldado possui um nível de força. Você pode ver esse valor abaixo de cada um. A força vai de 1 a 9, sendo 9 o nível mais alto."
dialogue.dialogue_gotogame_00,I think you're ready to put your knowledge into practice. Let's run a quick simulation and see what you've learned.,Acho que você está pronto para colocar seu conhecimento em prática. Vamos fazer uma simulação rápida e ver o que você aprendeu.
dialogue.dialogue_intro_00,"Hello, Commander. Allow me to introduce myself. I am the one and only true King of Antikva.","Olá, Comandante. Permita-me apresentar-me. Eu sou o único e verdadeiro Rei de Antikva."
dialogue.dialogue_intro_01,That's a lie! I am the true King of Antikva!,Isso é mentira! Eu sou o verdadeiro Rei de Antikva!
dialogue.dialogue_intro_02,"NO, I AM!","NÃO, SOU EU!"
dialogue.dialogue_intro_03,"NO, I AM!","NÃO, SOU EU!"
dialogue.dialogue_intro_04,"As you can see, I need your help to defeat this impostor and reclaim my throne as the one and only true King of Antikva.","Como você pode ver, preciso da sua ajuda para derrotar este impostor e recuperar meu trono como o único e verdadeiro Rei de Antikva."
dialogue.dialogue_intro_05,"I will fight alongside my men on the front lines, so I need you to command my troops. Come, I'll show you how.","Lutarei ao lado dos meus homens na linha de frente, por isso preciso que você comande minhas tropas. Venha, vou lhe mostrar como."
dialogue.dialogue_killer_00,The enemy King is just as powerful as I am. That's why I trained a special soldier capable of defeating him.,"O Rei inimigo é tão poderoso quanto eu. Por isso, treinei um soldado especial capaz de derrotá-lo."
dialogue.dialogue_killer_01,"However, he was trained solely for that mission and is not as effective against other soldiers. Use him carefully, and attack only when you are certain you have found the enemy King.","No entanto, ele foi treinado apenas para essa missão e não é tão eficaz contra outros soldados. Use-o com cuidado e ataque somente quando tiver certeza de que encontrou o Rei inimigo."
dialogue.dialogue_objective_00,"The armies are hidden by a fog of war, preventing us from knowing which soldier is which on the enemy side. The advantage is that they cannot see our soldiers either. You will see your own army normally, but the enemy soldiers will remain hidden.","Os exércitos estão ocultos por uma névoa de guerra, que nos impede de saber qual soldado é qual do lado inimigo. A vantagem é que eles também não conseguem ver nossos soldados. Você verá seu próprio exército normalmente, mas os soldados inimigos permanecerão ocultos."
dialogue.dialogue_objective_01,"To win this war, we need to find the enemy's treasure, which is hidden somewhere among his army.","Para vencer esta guerra, precisamos encontrar o tesouro do inimigo, que está escondido em algum lugar entre o seu exército."
dialogue.dialogue_position_00,"Let's start by deploying our army. Arrange the soldiers however you like, but remember: protect my treasure at all costs!!!!!","Vamos começar posicionando nosso exército. Organize os soldados como preferir, mas lembre-se: proteja meu tesouro a todo custo!!!!!"
dialogue.dialogue_timer_00,"Here you can see whose turn it is and how much time remains before the next turn. Keep an eye on the timer: if we take too long, the enemy will seize the initiative and advance against us.","Aqui você pode ver de quem é a vez e quanto tempo resta até o próximo turno. Fique de olho no cronômetro: se demorarmos demais, o inimigo tomará a iniciativa e avançará contra nós."
dialogue.dialogue_walk_normal_00,"Let's start with the basics. To move a soldier, click on it and then choose one of the available tiles. The tiles it can move to will appear in green on the board.","Vamos começar pelo básico. Para mover um soldado, clique nele e depois escolha uma das casas disponíveis. As casas para onde ele pode se mover aparecerão em verde no tabuleiro."
dialogue.dialogue_walk_soldier_00,Basic soldiers can move more than one tile per turn. Use this range wisely to advance more quickly toward the enemy's treasure.,Os soldados básicos podem se mover mais de uma casa por turno. Use esse alcance com sabedoria para avançar mais rapidamente em direção ao tesouro inimigo.
dialogue.speaker.blue_king,Blue King,Rei Azul
dialogue.speaker.red_king,Red King,Rei Vermelho
game.canvas_configshud_configs_background_audioconfigs_ambience_name,Ambience,Ambiente
game.canvas_configshud_configs_background_audioconfigs_master_name,Master,Geral
game.canvas_configshud_configs_background_audioconfigs_music_name,Music,Musica
game.canvas_configshud_configs_background_audioconfigs_sfx_name,SFX,Efeitos
game.canvas_configshud_configs_background_close_configs_label,Close,Fechar
game.canvas_configshud_configs_background_videoconfigs_scrollview_viewport_content_antialiasing_name,Anti Aliasing,Anti Aliasing
game.canvas_configshud_configs_background_videoconfigs_scrollview_viewport_content_fpslimit_name,FPS Limit,Limite de FPS
game.canvas_configshud_configs_background_videoconfigs_scrollview_viewport_content_quality_name,Quality,Qualidade
game.canvas_configshud_configs_background_videoconfigs_scrollview_viewport_content_resolution_name,Resolution,Resolução
game.canvas_configshud_configs_background_videoconfigs_scrollview_viewport_content_setscreenmode_name,Screen Mode,Modo de Tela
game.canvas_configshud_configs_background_videoconfigs_scrollview_viewport_content_shadowquality_name,Shadow Quality,Qualidade da Sombra
game.canvas_configshud_configs_background_videoconfigs_scrollview_viewport_content_texturequality_name,Texture Quality,Qualidade da Textura
game.canvas_configshud_configs_background_videoconfigs_scrollview_viewport_content_vsync_name,VSync,VSync
game.canvas_configshud_configtabs_audio_label,Audio,Audio
game.canvas_configshud_configtabs_video_label,Video,Video
game.canvas_duringgame_panels_minimap_frame_markingpanel_2_label,>2,>2
game.canvas_duringgame_panels_minimap_frame_markingpanel_3_label,>3,>3
game.canvas_duringgame_panels_minimap_frame_markingpanel_4_label,>4,>4
game.canvas_duringgame_panels_minimap_frame_markingpanel_5_label,>5,>5
game.canvas_duringgame_panels_minimap_frame_markingpanel_6_label,>6,>6
game.canvas_duringgame_panels_minimap_frame_markingpanel_7_label,>7,>7
game.canvas_duringgame_panels_minimap_frame_markingpanel_8_label,>8,>8
game.canvas_duringgame_panels_upper_menu_turninfo,Your turn,Sua vez
game.canvas_lose_screen_exit_button_label,EXIT,SAIR
game.canvas_surrenderpanel_cancelar_label,Cancel,Cancelar
game.canvas_surrenderpanel_sim_label,Yes,Sim
game.canvas_surrenderpanel_text,Do you want to surrender?,Deseja se Render?
game.canvas_testeanimlose_label,Exit,Sair
game.canvas_testeanimwin_label,Exit,Sair
game.canvas_win_screen_exit_button_label,EXIT,SAIR
game.turn_info.my_turn,Your Turn,Sua Vez
game.turn_info.opponent_turn,Opponent's Turn,Vez do Oponente
positionparts.hud_configs_hud_configs_background_audioconfigs_ambience_name,Ambience,Ambiente
positionparts.hud_configs_hud_configs_background_audioconfigs_master_name,Master,Geral
positionparts.hud_configs_hud_configs_background_audioconfigs_music_name,Music,Música
positionparts.hud_configs_hud_configs_background_audioconfigs_sfx_name,SFX,Efeitos
positionparts.hud_configs_hud_configs_background_close_configs_label,Close,Fechar
positionparts.hud_configs_hud_configs_background_videoconfigs_scrollview_viewport_content_antialiasing_name,Anti Aliasing,Anti Aliasing
positionparts.hud_configs_hud_configs_background_videoconfigs_scrollview_viewport_content_fpslimit_name,FPS Limit,Limite de FPS
positionparts.hud_configs_hud_configs_background_videoconfigs_scrollview_viewport_content_quality_name,Quality,Qualidade
positionparts.hud_configs_hud_configs_background_videoconfigs_scrollview_viewport_content_resolution_name,Resolution,Resolução
positionparts.hud_configs_hud_configs_background_videoconfigs_scrollview_viewport_content_setscreenmode_language,Language,Idioma
positionparts.hud_configs_hud_configs_background_videoconfigs_scrollview_viewport_content_setscreenmode_name,Screen Mode,Modo de Tela
positionparts.hud_configs_hud_configs_background_videoconfigs_scrollview_viewport_content_shadowquality_name,Shadow Quality,Qualidade da Sombra
positionparts.hud_configs_hud_configs_background_videoconfigs_scrollview_viewport_content_texturequality_name,Texture Quality,Qualidade da Textura
positionparts.hud_configs_hud_configs_background_videoconfigs_scrollview_viewport_content_vsync_name,VSync,VSync
positionparts.hud_configs_hud_configtabs_audio_label,Audio,Audio
positionparts.hud_configs_hud_configtabs_video_label,Video,Video
positionparts.hud_dialoguebox_box_tutorialbutton_label,Tutorial,Tutorial
positionparts.hud_exitpanel_exit_panel_cancel_label,Cancel,Cancelar
positionparts.hud_exitpanel_exit_panel_text,Do you want to exit the game?,Deseja sair do jogo?
positionparts.hud_exitpanel_exit_panel_yes_label,Yes,Sim
positionparts.hud_homepage_cancel_search_button_room_infos_status,PLAY,JOGAR
positionparts.hud_homepage_play_button_jogar,PLAY,JOGAR
positionparts.hud_imggametype_toggles_toggle1_label,Tutorial,Tutorial
positionparts.hud_imggametype_toggles_toggle2_label,Normal,Normal
positionparts.hud_imggametype_toggles_toggle3_label,Hard,Difícil
positionparts.hud_playmodespanel_back_label,Back,Voltar
positionparts.hud_playmodespanel_bg_lobby_label,CREATE LOBBY,CRIAR LOBBY
positionparts.hud_playmodespanel_bg_offline_label,OFFLINE SEASSON,PARTIDA OFFLINE
positionparts.hud_playmodespanel_bg_ranked_label,RANKED SEASSON,PARTIDA RANKEADA
positionparts.hud_playmodespanel_bg_tutorial_label,TUTORIAL,TUTORIAL
positionparts.hud_rankinghud_bg_close_label,Close,Fechar
positionparts.hud_steamviewer_controls_createlobbyandfilter_filters_label,FILTERS,FILTROS
positionparts.hud_steamviewer_controls_createlobbyandfilter_filters_lockedlobbytoggle_label,Locked Lobby?,Sala Privada?
positionparts.hud_steamviewer_controls_createlobbyandfilter_filters_searchlobby_textarea_placeholder,Search Lobby,Procurar Sala
positionparts.hud_steamviewer_controls_createlobbyandfilter_lobbycreationroot_createlobby_label,Create Lobby,Criar Sala
positionparts.hud_steamviewer_controls_createlobbyandfilter_lobbycreationroot_lobbyname_textarea_placeholder,Lobby Name,Nome da Sala
positionparts.hud_steamviewer_controls_createlobbyandfilter_lobbycreationroot_lobbypassword_textarea_placeholder,Password,Senha
positionparts.hud_steamviewer_controls_lobbylist_label,LOBBIES,SALAS
positionparts.hud_steamviewer_controls_lobbylist_lobbybuttons_refresh_label,Refresh,Atualizar
positionparts.hud_steamviewer_controls_lobbylist_lobbybuttons_return_label,Return,Voltar
positionparts.loadingscreenmanager_loadingcanvas_loadingpanel_loadingtext,Loading...,Carregando...
positiontutorial.pieces_hud_dialoguebox_box_image_name,Portraid Name,Nome do Portraid
positiontutorial.pieces_hud_dialoguebox_box_text,Portraid Text,Texto do Portraid
positiontutorial.pieces_hud_imggametype_toggles_toggle1_label,Tutorial,Tutorial
positiontutorial.pieces_hud_imggametype_toggles_toggle2_label,Normal,Normal
positiontutorial.pieces_hud_imggametype_toggles_toggle3_label,Hard,Difícil
positiontutorial.pieces_hud_play_jogar,PLAY,JOGAR
project.assets.game.prefab.pieces_ba_tooltip_bg_description,"<b>Barbarian</b>
Value piece 4","<b>Bárbaro</b>
Peça de valor 4"
project.assets.game.prefab.pieces_bo_tooltip_bg_description,"<b>Bomb</b>
Kills any piece except the Engineer","<b>Bomba</b>
Mata qualquer peça menos o Engenheiro"
project.assets.game.prefab.pieces_ca_tooltip_bg_description,"<b>Captain</b>
Value piece 8","<b>Capitão</b>
Peça de valor 8"
project.assets.game.prefab.pieces_co_tooltip_bg_description,"<b>Commander</b>
Value piece 5","<b>Comandante</b>
Peça de valor 5"
project.assets.game.prefab.pieces_es_tooltip_bg_description,"<b>Engineer</b>
Defuse enemy bombs","<b>Engenheiro</b>
Desarma as bombas inimigas"
project.assets.game.prefab.pieces_gu_tooltip_bg_description,"<b>Warrior</b>
Piece worth 3","<b>Guerreiro</b>
Peça com valor 3"
project.assets.game.prefab.pieces_la_tooltip_bg_description,"<b>Lanceman</b>
Value piece 7","<b>Lanceiro</b>
Peça de valor 7"
project.assets.game.prefab.pieces_re_tooltip_bg_description,"<b>King</b>
Strongest piece of value 9","<b>Rei</b>
Peça mais forte de valor 9"
project.assets.game.prefab.pieces_sm_tooltip_bg_description,"<b>Swordsman </b>
Value piece 6","<b>Espadachim </b>
Peça de valor 6"
project.assets.game.prefab.pieces_so_tooltip_bg_description,"<b>Private soldier</b>
Walk up to 8 spaces vertically or horizontally","<b>Soldado raso</b>
Anda até 8 casas na vertical ou na horizontal"
project.assets.game.prefab.pieces_sp_tooltip_bg_description,"<b>Assassin</b>
The assassin manages to defeat the enemy king, but loses to any other soldier","<b>Assassino</b>
O assassino consegue derrotar o rei inimigo, mas perde para qualquer outro soldado"
project.assets.game.prefab.pieces_te_tooltip_bg_description,"<b>Treasure</b>
If the enemy finds your treasure you lose","<b>Tesouro</b>
Se o inimigo encontrar seu tesouro você perde"
settings.video.anti_aliasing.off,Off,Desligado
settings.video.fps_limit.unlimited,Unlimited,Ilimitado
settings.video.quality.high,High,Alta
settings.video.quality.low,Low,Baixa
settings.video.quality.medium,Medium,Média
settings.video.quality.ultra,Ultra,Ultra
settings.video.quality.very_high,Very High,Muito Alta
settings.video.quality.very_low,Very Low,Muito Baixa
settings.video.screen_mode.borderless_window,Borderless Window,Janela sem Bordas
settings.video.screen_mode.exclusive_fullscreen,Exclusive Fullscreen,Tela Cheia Exclusiva
settings.video.screen_mode.windowed,Windowed,Janela
settings.video.shadow_quality.all_shadows,All Shadows,Todas as Sombras
settings.video.shadow_quality.hard_shadows,Hard Shadows,Sombras Rígidas
settings.video.shadow_quality.no_shadows,No Shadows,Sem Sombras
settings.video.texture_quality.high,High,Alta
settings.video.texture_quality.low,Low,Baixa
settings.video.texture_quality.medium,Medium,Média
tutorialscene.canvas_timer_timerbox_turninfo,Your turn,Sua vez
